Season,name,Team name,Minutes played,Games played,Goals,Assists,xG,xA,Shots,Key Passes,npg,npxG,Position,Penalty Taker
2024/2025,Mohamed Salah,Liverpool,3392,38,29,18,27.70626749098301,15.858334187418222,130,89,20,20.855747912079096,Midfielder,1
2024/2025,Alexander Isak,Newcastle United,2822,34,23,6,22.356988068670034,5.44870379474014,99,42,19,19.312312599271536,Forward,1
2024/2025,Erling Haaland,Manchester City,2749,31,22,3,23.95459282770753,3.5812273556366563,109,29,19,20.909917432814837,Forward,1
2024/2025,Chris Wood,Nottingham Forest,3024,36,20,3,15.638655036687851,3.044111367315054,68,22,17,13.355148404836655,Forward,1
2024/2025,Bryan Mbeumo,Brentford,3419,38,20,7,13.63216146454215,10.376488702371716,86,70,15,9.06514835730195,Midfielder,0
2024/2025,Yoane Wissa,Brentford,2943,35,18,4,20.731059528887272,3.4494741149246693,90,28,18,20.731059528887272,Forward,1
2024/2025,Ollie Watkins,Aston Villa,2666,38,16,8,18.632458329200745,3.87640418484807,84,25,14,17.11012053489685,Forward,1
2024/2025,Matheus Cunha,Wolverhampton Wanderers,2617,33,15,6,8.446298986673355,7.411126339808106,110,56,15,8.446298986673355,Midfielder,0
2024/2025,Cole Palmer,Chelsea,3228,37,15,8,15.77423645183444,12.954366408288479,126,87,11,11.968392122536898,Midfielder,1
2024/2025,Jean-Philippe Mateta,Crystal Palace,2690,37,14,2,15.83262430690229,3.85278513841331,69,29,12,14.31028657220304,Forward,1
2024/2025,Jørgen Strand Larsen,Wolverhampton Wanderers,2624,35,14,4,11.689683858305216,3.358626527711749,54,19,14,11.689683858305216,Forward,0
2024/2025,Jarrod Bowen,West Ham,2993,34,13,8,9.816103929653764,7.633318647742271,87,50,12,9.054935092106462,Forward,1
2024/2025,Luis Díaz,Liverpool,2433,36,13,5,12.3563298471272,6.245185255073011,71,56,13,12.3563298471272,Midfielder,0
2024/2025,Raúl Jiménez,Fulham,2531,38,12,3,14.405358291231096,4.079181319102645,96,25,9,12.121851704083383,Midfielder,0
2024/2025,Justin Kluivert,Bournemouth,2390,34,12,6,10.441609976813197,5.512896118685603,63,44,6,5.87459684535861,Midfielder,1
2024/2025,Liam Delap,Ipswich,2671,37,12,2,11.930982023477554,2.784454360604286,68,20,10,10.40864434838295,Forward,0
2024/2025,Kevin Schade,Brentford,2332,38,11,2,9.467997699975967,3.714522727765143,55,23,11,9.467997699975967,Midfielder,0
2024/2025,Brennan Johnson,Tottenham,2178,33,11,3,11.162618312984705,2.948688331991434,54,19,11,11.162618312984705,Midfielder,0
2024/2025,Antoine Semenyo,Bournemouth,3219,37,11,5,14.549346312880516,6.608794005587697,126,46,11,14.549346312880516,Midfielder,1
2024/2025,Danny Welbeck,Brighton,2152,30,10,4,10.456029083579779,2.076795544475317,59,23,9,9.694860246032476,Forward,1
2024/2025,João Pedro,Brighton,1975,27,10,6,8.863604867830873,5.618519173935056,47,30,5,5.0577606651932,Midfielder,0
2024/2025,Nicolas Jackson,Chelsea,2294,30,10,5,13.834070887416601,3.47239719517529,76,28,10,13.834070887416601,Forward,0
2024/2025,Kaoru Mitoma,Brighton,2608,36,10,4,10.222694747149944,4.949204979464412,57,37,10,10.222694747149944,Midfielder,0
2024/2025,Cody Gakpo,Liverpool,1970,35,10,4,8.601265830919147,6.257204940542579,57,38,10,8.601265830919147,Midfielder,1
2024/2025,Evanilson,Bournemouth,2376,31,10,1,13.714270060881972,1.9151847725734115,73,25,10,12.953101200982928,Midfielder,0
2024/2025,Alex Iwobi,Fulham,3023,38,9,6,5.021547559648752,8.458939167670906,68,58,9,5.021547559648752,Midfielder,0
2024/2025,Jamie Vardy,Leicester,2890,35,9,4,12.219386659562588,3.737534761428833,58,19,8,10.697048958390951,Midfielder,0
2024/2025,Dominic Solanke,Tottenham,2220,27,9,3,12.416034620255232,2.4611449129879475,60,14,8,11.65486578270793,Midfielder,0
2024/2025,Kai Havertz,Arsenal,1880,23,9,3,11.830620590597391,2.9488715566694736,53,17,9,11.830620590597391,Forward,0
2024/2025,Harvey Barnes,Newcastle United,1740,33,9,4,7.695071091875434,4.351620296947658,63,24,9,7.695071091875434,Midfielder,0
2024/2025,James Maddison,Tottenham,1851,31,9,7,5.8936047330498695,6.016693122684956,39,42,9,5.8936047330498695,Midfielder,0
2024/2025,Tomas Soucek,West Ham,2586,35,9,1,8.068854354321957,0.947371281683445,55,14,9,8.068854354321957,Midfielder,0
2024/2025,Iliman Ndiaye,Everton,2478,33,9,0,7.094870626926422,1.9087076298892498,37,18,7,5.572532966732979,Midfielder,1
2024/2025,Bruno Fernandes,Manchester United,3034,36,8,10,9.887796703726053,10.227527445182204,96,92,5,7.604290317744017,Midfielder,0
2024/2025,Ismaila Sarr,Crystal Palace,2738,38,8,6,12.308559328317642,10.056549122557044,59,44,8,12.308559328317642,Midfielder,0
2024/2025,Jacob Murphy,Newcastle United,2443,35,8,11,6.590988090261817,9.341311557218432,43,41,8,6.590988090261817,Midfielder,0
2024/2025,Leandro Trossard,Arsenal,2569,38,8,7,8.742100939154625,7.04339361935854,72,43,8,8.742100939154625,Midfielder,1
2024/2025,Gabriel Martinelli,Arsenal,2310,33,8,4,9.213460259139538,5.264152456074953,56,40,8,9.213460259139538,Midfielder,0
2024/2025,Amad Diallo Traore,Manchester United,1887,26,8,6,4.74583822209388,4.755917379632592,47,49,8,4.74583822209388,Midfielder,0
2024/2025,Eberechi Eze,Crystal Palace,2635,34,8,8,9.876954596489668,7.019554221071303,102,58,7,8.354616891592741,Midfielder,1
2024/2025,Beto,Everton,1520,30,8,0,9.26681118644774,1.3863521181046963,49,12,8,9.26681118644774,Midfielder,0
2024/2025,Rodrigo Muniz,Fulham,922,31,8,1,6.838322004303336,0.7810081988573074,40,7,8,6.838322004303336,Midfielder,0
2024/2025,Morgan Rogers,Aston Villa,3191,37,8,10,8.216648440808058,8.145913934335113,55,51,8,8.216648440808058,Midfielder,0
2024/2025,Son Heung-Min,Tottenham,2135,30,7,9,7.906742995604873,9.04414401575923,57,51,6,6.384405327960849,Midfielder,0
2024/2025,Mikel Merino,Arsenal,1578,28,7,2,6.865131866186857,2.1651013009250164,38,17,7,6.865131866186857,Midfielder,0
2024/2025,Phil Foden,Manchester City,1770,28,7,2,6.184084575623274,5.382284659892321,54,44,7,6.184084575623274,Midfielder,0
2024/2025,Dejan Kulusevski,Tottenham,2391,32,7,4,5.52329240180552,6.502650566399097,47,64,7,5.52329240180552,Midfielder,0
2024/2025,Morgan Gibbs-White,Nottingham Forest,2868,34,7,8,6.140304567292333,6.105838568881154,61,51,7,6.140304567292333,Midfielder,1
2024/2025,Omar Marmoush,Manchester City,1195,16,7,0,5.649778325110674,2.676836894825101,49,15,7,5.649778325110674,Midfielder,1
2024/2025,Dango Ouattara,Bournemouth,2013,32,7,4,10.933680262416601,5.989504734054208,62,35,7,10.933680262416601,Midfielder,0
2023/2024,Erling Haaland,Manchester City,2581,31,27,5,31.65399668365717,4.7517555598169565,122,29,20,25.564646281301975,Forward,1
2023/2024,Cole Palmer,"Chelsea,Manchester City",2640,34,22,11,17.83224501274526,11.869294486939907,108,72,13,10.981725485995412,Midfielder,1
2023/2024,Alexander Isak,Newcastle United,2305,30,21,2,22.07426631450653,3.6520401313900948,78,27,16,17.507253035902977,Forward,1
2023/2024,Dominic Solanke,Bournemouth,3346,38,19,3,21.40683087334037,3.5437498800456524,109,39,17,19.12332433462143,Midfielder,0
2023/2024,Phil Foden,Manchester City,2895,35,19,8,11.307983005419374,8.51623285189271,105,73,19,11.307983005419374,Midfielder,0
2023/2024,Ollie Watkins,Aston Villa,3250,37,19,13,19.26459836959839,7.745744535699487,106,45,19,19.26459836959839,Forward,1
2023/2024,Mohamed Salah,Liverpool,2556,32,18,10,21.941274393349886,12.332044444978237,114,66,13,16.613166783005,Midfielder,1
2023/2024,Son Heung-Min,Tottenham,2989,35,17,10,12.978620901703835,13.341020658612251,85,69,15,11.45628322660923,Midfielder,0
2023/2024,Jarrod Bowen,West Ham,3026,34,16,6,13.498636420816183,6.437707958742976,85,32,16,13.498636420816183,Forward,1
2023/2024,Jean-Philippe Mateta,Crystal Palace,2303,35,16,5,12.290523625910282,3.52706278860569,46,32,14,10.768185935914516,Forward,1
2023/2024,Bukayo Saka,Arsenal,2990,35,16,8,16.807056225836277,11.325986489653587,107,89,10,12.240043208003044,Midfielder,1
2023/2024,Chris Wood,Nottingham Forest,1797,31,14,1,13.364272002130747,1.987032251432538,48,22,14,13.364272002130747,Forward,1
2023/2024,Nicolas Jackson,Chelsea,2818,35,14,5,19.860593939200044,5.2836981769651175,80,36,14,19.860593939200044,Forward,0
2023/2024,Kai Havertz,Arsenal,2651,37,13,7,13.465729914605618,5.814370539039373,69,45,12,12.704561084508896,Forward,0
2023/2024,Yoane Wissa,Brentford,2556,34,12,3,11.16999962553382,3.828521143645048,67,29,12,11.16999962553382,Forward,1
2023/2024,Matheus Cunha,Wolverhampton Wanderers,2499,32,12,7,10.229120277799666,3.920058634132147,73,28,11,9.467951440252364,Midfielder,0
2023/2024,Leandro Trossard,Arsenal,1649,34,12,1,9.575767548754811,3.252073733136058,60,24,12,9.575767548754811,Midfielder,1
2023/2024,Hee-Chan Hwang,Wolverhampton Wanderers,2154,29,12,3,8.681871520355344,3.1403315979987383,45,17,11,7.920702653005719,Midfielder,0
2023/2024,Richarlison,Tottenham,1511,28,11,4,9.619059151038527,1.9676255472004414,61,15,11,9.619059151038527,Midfielder,0
2023/2024,Anthony Gordon,Newcastle United,2956,35,11,10,11.293779235333204,8.833045985549688,81,56,10,10.53261036798358,Midfielder,1
2023/2024,Eberechi Eze,Crystal Palace,2097,27,11,4,9.37310928851366,6.844833366572857,83,54,10,8.611940443515778,Midfielder,1
2023/2024,Darwin Núñez,Liverpool,2037,36,11,8,19.187851031310856,5.950456521473825,108,33,11,18.42668213415891,Midfielder,0
2023/2024,Julián Álvarez,Manchester City,2682,36,11,8,14.373571239411831,5.823111834935844,98,66,9,12.851233504712582,Midfielder,0
2023/2024,Carlton Morris,Luton,2879,38,11,4,12.306741118431091,3.6919509368017316,72,22,6,8.500896904617548,Midfielder,0
2023/2024,Bruno Fernandes,Manchester United,3121,35,10,8,10.746266636997461,13.15852378681302,95,113,6,6.940422397106886,Midfielder,0
2023/2024,Leon Bailey,Aston Villa,2112,35,10,9,6.4655649326741695,10.299157902598381,53,51,10,6.4655649326741695,Midfielder,0
2023/2024,Diogo Jota,Liverpool,1164,21,10,3,6.724682793021202,3.19649357162416,41,23,10,6.724682793021202,Midfielder,0
2023/2024,Michael Olise,Crystal Palace,1281,19,10,6,5.6874131839722395,5.196664724498987,56,35,9,4.926244312897325,Midfielder,0
2023/2024,Rasmus Højlund,Manchester United,2210,30,10,2,9.338883213698864,1.779460173100233,38,28,10,9.338883213698864,Forward,0
2023/2024,Elijah Adebayo,Luton,1422,27,10,0,6.630781220272183,0.8136616554111242,31,14,10,6.630781220272183,Midfielder,0
2023/2024,Callum Wilson,Newcastle United,963,20,9,1,10.12450959533453,0.9339367430657148,35,8,7,8.602172024548054,Forward,0
2023/2024,Douglas Luiz,Aston Villa,3043,35,9,5,7.572099968791008,5.288189608603716,48,53,5,4.527424611151218,Midfielder,0
2023/2024,Bryan Mbeumo,Brentford,1954,25,9,6,9.158370908349752,5.14017678797245,53,32,6,6.874864336103201,Midfielder,0
2023/2024,João Pedro,Brighton,2026,31,9,3,11.918903339654207,5.4223863165825605,75,37,5,8.113133335486054,Midfielder,0
2023/2024,Rodrigo Muniz,Fulham,1602,26,9,1,8.481916300952435,1.3883774541318417,72,16,9,8.481916300952435,Midfielder,0
2023/2024,Raheem Sterling,Chelsea,1987,31,8,4,8.573790527880192,4.971372967585921,51,30,8,8.573790527880192,Midfielder,0
2023/2024,Rodri,Manchester City,2967,34,8,9,4.294270480051637,5.32604681327939,62,50,8,4.294270480051637,Midfielder,0
2023/2024,Martin Odegaard,Arsenal,3117,35,8,10,7.670226177200675,11.577396512031555,77,102,6,6.147925289347768,Midfielder,0
2023/2024,Callum Hudson-Odoi,Nottingham Forest,1844,29,8,1,3.01959465444088,3.0873287972062826,38,36,8,3.01959465444088,Midfielder,0
2023/2024,Dejan Kulusevski,Tottenham,2787,36,8,3,5.835474932566285,8.615606566891074,57,65,8,5.835474932566285,Midfielder,0
2023/2024,Luis Díaz,Liverpool,2706,37,8,5,12.864595355466008,6.482230054214597,94,64,8,12.864595355466008,Midfielder,0
2023/2024,Cody Gakpo,Liverpool,1640,35,8,5,8.769219513982534,4.2288118079304695,66,25,8,8.769219513982534,Midfielder,1
2023/2024,Antoine Semenyo,Bournemouth,2141,33,8,2,6.423830641433597,3.799709178507328,70,29,8,6.423830641433597,Midfielder,1
2023/2024,Mohammed Kudus,West Ham,2490,33,8,6,5.1772670187056065,3.5089522134512663,66,28,8,5.1772670187056065,Midfielder,0
2023/2024,Marcus Rashford,Manchester United,2292,33,7,2,7.661536030471325,2.390108224004507,62,24,5,6.13919834792614,Midfielder,0
2023/2024,James Ward-Prowse,West Ham,3025,37,7,7,5.6392913637682796,8.108484361320734,44,64,5,4.116953688673675,Midfielder,1
2023/2024,Abdoulaye Doucouré,Everton,2678,32,7,1,10.20444649644196,2.55271128565073,47,33,7,10.20444649644196,Midfielder,0
2023/2024,Odsonne Edouard,Crystal Palace,1534,30,7,0,7.869511350989342,1.0359194399788976,51,18,7,7.869511350989342,Midfielder,0
2023/2024,Raúl Jiménez,Fulham,1423,24,7,0,5.9900733437389135,1.6923745833337307,41,11,7,5.9900733437389135,Midfielder,0
2023/2024,Declan Rice,Arsenal,3256,38,7,8,3.186093623749912,5.895036246627569,58,47,7,3.186093623749912,Midfielder,0
2022/2023,Erling Haaland,Manchester City,2803,35,36,8,32.761399537324905,5.8491098545491695,123,29,29,27.433209866285324,Forward,1
2022/2023,Harry Kane,Tottenham,3414,38,30,3,23.06444012373686,7.547407771460712,133,57,25,18.497427217662334,Midfielder,0
2022/2023,Ivan Toney,Brentford,2960,33,20,4,21.69119757413864,4.909892840310931,94,26,14,16.363018790259957,Midfielder,0
2022/2023,Mohamed Salah,Liverpool,3307,38,19,12,23.340063713490963,8.720245610922575,125,65,17,20.295387655496597,Midfielder,1
2022/2023,Callum Wilson,Newcastle United,1911,31,18,5,18.856768030673265,3.567963434383273,73,24,15,16.57326026633382,Forward,0
2022/2023,Marcus Rashford,Manchester United,2907,35,17,5,18.761760517954826,3.7354129292070866,108,31,17,18.761760517954826,Midfielder,0
2022/2023,Martin Odegaard,Arsenal,3203,37,15,7,9.137760860845447,9.209956639446318,93,77,15,9.137760860845447,Midfielder,0
2022/2023,Gabriel Martinelli,Arsenal,2851,36,15,5,10.538134384900331,9.349485490471125,79,59,15,10.538134384900331,Midfielder,0
2022/2023,Ollie Watkins,Aston Villa,3150,37,15,6,17.486295863986015,3.6740340031683445,85,30,14,15.963956996798515,Forward,1
2022/2023,Aleksandar Mitrovic,Fulham,2022,24,14,1,16.17901684064418,2.3344982340931892,93,15,10,10.089664130471647,Midfielder,0
2022/2023,Bukayo Saka,Arsenal,3216,38,14,11,11.300049655139446,7.0429807445034385,89,75,12,9.016541637480259,Midfielder,1
2022/2023,Rodrigo,Leeds,1955,31,13,1,8.572983920574188,2.298705962486565,67,16,12,7.811814919114113,Midfielder,0
2022/2023,Harvey Barnes,Leicester,2738,34,13,1,9.120478011667728,3.107304636389017,72,19,13,9.120478011667728,Midfielder,0
2022/2023,Roberto Firmino,Liverpool,1203,25,11,4,8.122956335544586,3.0548400916159153,39,21,11,8.122956335544586,Midfielder,0
2022/2023,Gabriel Jesus,Arsenal,2107,26,11,6,16.171134389936924,4.243733491748571,77,31,10,15.409974373877048,Midfielder,0
2022/2023,Phil Foden,Manchester City,1837,32,11,6,6.185852009803057,5.697479462251067,46,44,11,6.185852009803057,Midfielder,0
2022/2023,Miguel Almirón,Newcastle United,2550,34,11,2,8.727059464901686,2.9551383573561907,69,26,11,8.727059464901686,Midfielder,0
2022/2023,Son Heung-Min,Tottenham,2920,36,10,6,9.597895424813032,6.334341483190656,81,62,10,9.597895424813032,Midfielder,0
2022/2023,Alexander Isak,Newcastle United,1530,22,10,1,8.784851711243391,1.7707323329523206,51,15,8,7.262516763061285,Forward,1
2022/2023,James Maddison,Leicester,2485,30,10,9,8.489387180656195,7.773198906332254,85,69,9,6.967049431055784,Midfielder,0
2022/2023,Taiwo Awoniyi,Nottingham Forest,1426,27,10,1,8.0510318800807,1.02802275121212,35,10,10,8.0510318800807,Forward,0
2022/2023,Alexis Mac Allister,Brighton,2882,35,10,2,11.532242968678474,3.9281202014535666,86,47,4,6.965230006724596,Midfielder,1
2022/2023,Eberechi Eze,Crystal Palace,2657,38,10,4,6.831764040514827,4.619440779089928,70,57,9,6.070595199242234,Midfielder,1
2022/2023,Pascal Groß,Brighton,3261,37,9,8,5.954401790164411,11.246030485257506,40,80,9,5.954401790164411,Midfielder,0
2022/2023,James Ward-Prowse,Southampton,3378,38,9,4,5.408911099657416,6.058508426882327,44,72,7,2.3642341531813145,Midfielder,1
2022/2023,Bryan Mbeumo,Brentford,2991,38,9,8,10.100785619579256,7.65799580514431,71,52,8,9.339616828598082,Midfielder,0
2022/2023,Darwin Núñez,Liverpool,1702,29,9,3,14.374805428087711,5.6468874625861645,84,28,9,14.374805428087711,Midfielder,0
2022/2023,Julián Álvarez,Manchester City,1416,31,9,0,7.753276175819337,2.0468210969120264,47,18,8,6.992107159458101,Midfielder,0
2022/2023,Ilkay Gündogan,Manchester City,2369,31,8,4,7.842695340514183,3.444544769823551,54,37,8,7.081526502966881,Midfielder,0
2022/2023,Danny Ings,"Aston Villa,West Ham",1562,35,8,2,8.25754163786769,1.4635955430567265,42,15,6,6.735200669616461,Midfielder,0
2022/2023,Bruno Fernandes,Manchester United,3326,37,8,8,9.385456696152687,17.266709440387785,92,118,6,7.863118812441826,Midfielder,0
2022/2023,Leandro Trossard,"Arsenal,Brighton",2263,36,8,12,7.068454213440418,6.358577378094196,55,47,8,7.068454213440418,Midfielder,1
2022/2023,Brennan Johnson,Nottingham Forest,2952,38,8,3,8.266518421471119,3.7432961594313383,55,28,7,5.983012191951275,Midfielder,0
2022/2023,Granit Xhaka,Arsenal,3039,37,7,7,5.785433189943433,4.802904064767063,40,46,7,5.785433189943433,Midfielder,0
2022/2023,Kevin De Bruyne,Manchester City,2448,32,7,16,4.7582743894308805,16.31964398175478,65,97,7,4.7582743894308805,Midfielder,0
2022/2023,Wilfried Zaha,Crystal Palace,2308,27,7,2,7.797594489529729,2.760253319516778,66,26,7,6.275257470086217,Midfielder,0
2022/2023,Kai Havertz,Chelsea,2613,35,7,1,12.77656376361847,3.5748752877116203,71,38,6,12.015389770269394,Forward,0
2022/2023,Yoane Wissa,Brentford,1583,38,7,3,5.207585535943508,2.6399280801415443,32,13,7,5.207585535943508,Forward,1
2022/2023,Philip Billing,Bournemouth,2822,36,7,1,4.894198485650122,3.457261343486607,38,27,7,4.894198485650122,Midfielder,0
2022/2023,Dwight McNeil,Everton,2512,36,7,3,3.8712205197662115,7.44360885117203,46,51,7,3.8712205197662115,Midfielder,0
2022/2023,Diogo Jota,Liverpool,1132,22,7,4,6.437793597579002,1.7756053674966097,35,17,7,6.437793597579002,Midfielder,0
2022/2023,Kaoru Mitoma,Brighton,2306,33,7,5,9.245785741135478,7.035773795098066,52,40,7,9.245785741135478,Midfielder,0
2022/2023,Cody Gakpo,Liverpool,1483,21,7,2,6.5545395612716675,2.981710772961378,39,23,7,6.5545395612716675,Midfielder,1
2022/2023,Joelinton,Newcastle United,2677,32,6,1,6.252544686198235,3.116438364610076,51,26,6,6.252544686198235,Midfielder,0
2022/2023,Danny Welbeck,Brighton,1868,31,6,3,9.550176788121462,5.098056230694056,62,30,6,9.550176788121462,Forward,1
2022/2023,Anthony Martial,Manchester United,987,21,6,2,7.3281096909195185,1.7567607499659061,27,12,5,6.566943714395165,Midfielder,0
2022/2023,Raheem Sterling,Chelsea,1919,28,6,3,7.405153378844261,4.861129405908287,41,34,6,7.405153378844261,Midfielder,0
2022/2023,Dominic Solanke,Bournemouth,2874,33,6,7,9.317674346268177,3.9576231529936194,76,21,6,9.317674346268177,Midfielder,0
2022/2023,Jarrod Bowen,West Ham,3245,38,6,5,10.004229810088873,6.90739019960165,75,48,5,8.48189047165215,Forward,1
2022/2023,Said Benrahma,West Ham,2070,35,6,3,6.350573148578405,4.756499437615275,73,48,2,3.3058972023427486,Midfielder,0
2021/2022,Son Heung-Min,Tottenham,3051,35,23,7,16.992173068225384,7.846952574327588,86,73,23,16.992173068225384,Midfielder,0
2021/2022,Mohamed Salah,Liverpool,2757,35,23,13,24.364288866519928,9.790822226554155,139,62,18,19.79727490246296,Midfielder,1
2021/2022,Cristiano Ronaldo,Manchester United,2468,30,18,3,17.212831899523735,4.424962695688009,110,26,15,14.929328348487616,Midfielder,0
2021/2022,Harry Kane,Tottenham,3229,37,17,9,20.68507192377001,9.81828890554607,133,48,13,17.640392211265862,Midfielder,0
2021/2022,Sadio Mané,Liverpool,2833,34,16,2,16.82961556315422,5.269158905372024,98,39,16,16.82961556315422,Midfielder,0
2021/2022,Kevin De Bruyne,Manchester City,2214,30,15,8,5.9499644339084625,11.260171007364988,78,87,15,5.9499644339084625,Midfielder,0
2021/2022,Jamie Vardy,Leicester,1807,25,15,2,9.991950891911983,1.6055144965648651,54,18,15,9.991950891911983,Midfielder,0
2021/2022,Diogo Jota,Liverpool,2401,35,15,4,17.34798476099968,5.874588536098599,90,40,15,17.34798476099968,Midfielder,0
2021/2022,Wilfried Zaha,Crystal Palace,2762,33,14,1,10.184118073433638,4.893216146156192,69,46,9,4.855936596170068,Midfielder,0
2021/2022,Raheem Sterling,Manchester City,2119,30,13,5,15.778131879866123,5.0249252915382385,58,42,11,13.494622506201267,Midfielder,0
2021/2022,Ivan Toney,Brentford,2905,33,12,5,12.048585828393698,7.343530809506774,88,43,7,8.242776174098253,Midfielder,0
2021/2022,Jarrod Bowen,West Ham,3003,36,12,10,12.92943012341857,5.819746069610119,80,41,12,12.92943012341857,Forward,1
2021/2022,James Maddison,Leicester,2480,35,12,8,6.496711893007159,5.6742051569744945,72,48,12,6.496711893007159,Midfielder,0
2021/2022,Riyad Mahrez,Manchester City,1468,28,11,5,10.123590916395187,3.9328212067484856,61,40,7,6.317741796374321,Midfielder,0
2021/2022,Bukayo Saka,Arsenal,3034,38,11,7,9.905906103551388,7.6313808765262365,97,68,9,8.383569121360779,Midfielder,1
2021/2022,Teemu Pukki,Norwich,3278,37,11,3,11.44952037371695,4.062802174128592,71,27,8,9.166050033643842,Midfielder,0
2021/2022,Mason Mount,Chelsea,2367,32,11,10,8.522430308163166,7.21291824337095,76,58,10,7.7612572982907295,Midfielder,0
2021/2022,Raphinha,Leeds,2940,35,11,3,10.23054376989603,6.939143891446292,87,64,7,7.1858687195926905,Midfielder,0
2021/2022,Ollie Watkins,Aston Villa,2970,35,11,2,11.498160604387522,2.997610133141279,77,35,10,10.736988637596369,Forward,1
2021/2022,Michail Antonio,West Ham,2994,36,10,8,12.788629919290543,5.767140578478575,83,46,10,12.027457922697067,Midfielder,0
2021/2022,James Ward-Prowse,Southampton,3222,36,10,5,5.089495945721865,6.395678853616118,55,71,6,2.044821010902524,Midfielder,1
2021/2022,Bruno Fernandes,Manchester United,3135,36,10,6,9.285304862074554,8.811852657236159,89,88,10,7.762967492453754,Midfielder,0
2021/2022,Richarlison,Everton,2532,30,10,5,10.01377157587558,4.38378893956542,74,29,7,7.73029859084636,Midfielder,0
2021/2022,Emile Smith-Rowe,Arsenal,1928,33,10,2,5.36384779214859,3.033005226403475,40,30,10,5.36384779214859,Midfielder,0
2021/2022,Emmanuel Dennis,Watford,2612,33,10,6,7.006806670688093,3.959161562845111,60,33,10,7.006806670688093,Midfielder,0
2021/2022,Maxwel Cornet,Burnley,1790,26,9,1,6.714042469859123,1.7581321336328983,47,15,9,5.952873468399048,Midfielder,0
2021/2022,Phil Foden,Manchester City,2141,28,9,5,9.263244736939669,6.833732463419437,57,40,9,9.263244736939669,Midfielder,0
2021/2022,Ilkay Gündogan,Manchester City,1852,27,8,4,9.720699042081833,4.720962079241872,55,37,8,9.720699042081833,Midfielder,0
2021/2022,Callum Wilson,Newcastle United,1401,18,8,0,7.041790663264692,0.5302160959690809,35,10,6,5.519451602362096,Forward,0
2021/2022,Romelu Lukaku,Chelsea,1571,26,8,0,7.020434075966477,3.3627560660243034,43,24,7,6.2592600379139185,Midfielder,0
2021/2022,Said Benrahma,West Ham,2208,32,8,6,6.1550276800990105,4.772110963240266,63,32,8,6.1550276800990105,Midfielder,0
2021/2022,Neal Maupay,Brighton,2271,32,8,2,8.242076613008976,2.442604837939143,61,23,7,6.719737626612186,Midfielder,0
2021/2022,Bernardo Silva,Manchester City,2865,35,8,4,7.771977653726935,6.567136766389012,48,59,8,7.771977653726935,Midfielder,0
2021/2022,Kai Havertz,Chelsea,1829,29,8,3,10.670876573771238,2.567781189456582,56,21,8,10.670876573771238,Forward,0
2021/2022,Gabriel Jesus,Manchester City,1885,28,8,8,10.153561741113663,5.913651751354337,64,38,7,9.392391830682755,Midfielder,0
2021/2022,Leandro Trossard,Brighton,2830,34,8,3,7.961571488529444,5.277916149236262,73,47,7,7.20040250197053,Midfielder,1
2021/2022,Jack Harrison,Leeds,2660,35,8,1,5.154695501551032,3.4489700738340616,43,42,8,5.154695501551032,Midfielder,0
2021/2022,Conor Gallagher,Crystal Palace,2863,34,8,3,7.672960817813873,4.143168058246374,52,39,8,7.672960817813873,Midfielder,0
2021/2022,Danny Ings,Aston Villa,1920,30,7,6,6.846661906689405,1.4444685094058514,49,15,6,6.085492890328169,Midfielder,0
2021/2022,Rodri,Manchester City,2901,33,7,2,2.718254609964788,1.552179705351591,45,27,7,2.718254609964788,Midfielder,0
2021/2022,Martin Odegaard,Arsenal,2803,36,7,4,4.223581701517105,6.601951729506254,53,75,7,4.223581701517105,Midfielder,0
2021/2022,Yoane Wissa,Brentford,1230,30,7,1,3.4018343733623624,0.6705948002636433,32,9,7,3.4018343733623624,Forward,1
2021/2022,Che Adams,Southampton,2039,30,7,3,8.289287440478802,2.845940789207816,49,25,7,8.289287440478802,Midfielder,0
2021/2022,Danny Welbeck,Brighton,1464,25,6,1,8.285231601446867,0.8949581095948815,43,17,6,8.285231601446867,Forward,1
2021/2022,Jorginho,Chelsea,2285,29,6,2,5.913266050629318,2.892731610685587,16,27,0,0.5850790916010737,Midfielder,0
2021/2022,Pablo Fornals,West Ham,2805,36,6,3,5.137447626329958,5.967042115516961,44,47,6,5.137447626329958,Midfielder,0
2021/2022,Rodrigo,Leeds,2280,31,6,1,5.610643168911338,3.645213108509779,48,39,5,4.849474174901843,Midfielder,0
2021/2022,Christian Pulisic,Chelsea,1276,22,6,2,6.095077484846115,1.2932879086583853,28,15,6,6.095077484846115,Midfielder,0
2021/2022,Odsonne Edouard,Crystal Palace,1579,28,6,4,6.533581294119358,2.171932205557823,40,21,5,5.772417314350605,Midfielder,0
2021/2022,Raúl Jiménez,Wolverhampton Wanderers,2651,34,6,4,7.0713795982301235,3.394018276594579,57,38,5,6.310211572796106,Midfielder,0
2020/2021,Harry Kane,Tottenham,3097,35,23,14,22.174864932894707,7.57709795050323,138,49,19,19.130178958177567,Midfielder,0
2020/2021,Mohamed Salah,Liverpool,3085,37,22,5,20.250850511714816,6.528527559712529,126,55,16,15.683834107592702,Midfielder,1
2020/2021,Bruno Fernandes,Manchester United,3117,37,18,12,16.019450719468296,11.474997889250517,121,95,9,8.407837779261172,Midfielder,0
2020/2021,Son Heung-Min,Tottenham,3139,37,17,10,11.023286264389753,9.51299634668976,68,75,16,10.26211767271161,Midfielder,0
2020/2021,Patrick Bamford,Leeds,3085,38,17,7,18.40186234563589,3.782248348928988,107,30,15,16.879525646567345,Forward,0
2020/2021,Dominic Calvert-Lewin,Everton,2878,33,16,0,18.210516868159175,2.1018170565366745,83,18,16,18.210516868159175,Forward,0
2020/2021,Jamie Vardy,Leicester,2848,34,15,9,19.942946769297123,5.08788326010108,82,28,7,13.09242221340537,Midfielder,0
2020/2021,Ollie Watkins,Aston Villa,3330,37,14,5,16.280176680535078,5.314029790461063,98,45,13,14.75783659145236,Forward,1
2020/2021,Ilkay Gündogan,Manchester City,2033,28,13,2,9.566889390349388,3.8162214383482933,54,42,12,8.044548198580742,Midfielder,0
2020/2021,Alexandre Lacazette,Arsenal,1939,31,13,2,12.02891095355153,2.2092133089900017,45,22,10,9.745402950793505,Midfielder,0
2020/2021,Callum Wilson,Newcastle United,2079,26,12,5,13.590087059885263,3.046299707144499,49,17,8,10.545412976294756,Forward,0
2020/2021,Kelechi Iheanacho,Leicester,1452,25,12,2,9.048603574745357,3.5340976137667894,59,28,12,8.287429581396282,Midfielder,0
2020/2021,Danny Ings,Southampton,2200,29,12,4,8.276573972776532,2.3112313207238913,57,22,10,6.7542363833636045,Midfielder,0
2020/2021,Chris Wood,Burnley,2765,33,12,3,12.954142516478896,2.038118289783597,70,23,10,11.431802516803145,Forward,1
2020/2021,Wilfried Zaha,Crystal Palace,2615,30,11,2,8.804446421563625,3.7028177306056023,60,30,9,7.282108388841152,Midfielder,0
2020/2021,Marcus Rashford,Manchester United,2941,37,11,9,9.579708877950907,4.185123202390969,79,44,11,9.579708877950907,Midfielder,0
2020/2021,Sadio Mané,Liverpool,2805,35,11,7,14.828551573678851,7.787754092365503,94,61,11,14.828551573678851,Midfielder,0
2020/2021,Gareth Bale,Tottenham,909,20,11,2,5.797856383025646,1.842241832986474,38,21,11,5.797856383025646,Midfielder,0
2020/2021,Matheus Pereira,West Bromwich Albion,2594,33,11,6,6.948313331231475,6.355541097000241,65,58,7,3.9036400113254786,Midfielder,0
2020/2021,Pierre-Emerick Aubameyang,Arsenal,2333,29,10,3,10.450049884617329,2.4313496705144644,57,22,8,8.92772065103054,Midfielder,0
2020/2021,Michail Antonio,West Ham,1993,26,10,5,14.138836644589901,3.194422224536538,63,27,10,14.138836644589901,Midfielder,0
2020/2021,Christian Benteke,Crystal Palace,1824,30,10,1,7.457400366663933,0.6976268962025642,71,15,10,7.457400366663933,Midfielder,0
2020/2021,Raheem Sterling,Manchester City,2539,31,10,7,12.050680804997683,6.628709137439728,70,39,10,11.28951171785593,Midfielder,0
2020/2021,Edinson Cavani,Manchester United,1355,26,10,3,8.603237739764154,2.3172431979328394,34,14,10,8.603237739764154,Midfielder,0
2020/2021,Anwar El Ghazi,Aston Villa,1612,28,10,0,9.037513121031225,1.882866207510233,64,26,6,5.9928371934220195,Midfielder,0
2020/2021,Nicolas Pepe,Arsenal,1602,29,10,1,6.000205853953958,1.0121595980599523,47,11,9,5.23903716634959,Midfielder,0
2020/2021,Tomas Soucek,West Ham,3420,38,10,1,8.98297917842865,2.444754745811224,64,18,10,8.98297917842865,Midfielder,0
2020/2021,Roberto Firmino,Liverpool,2882,36,9,7,12.860216487199068,6.116864521056414,83,44,9,12.860216487199068,Midfielder,0
2020/2021,Jesse Lingard,West Ham,1434,16,9,4,5.249173816293478,2.329291282221675,42,18,8,3.7268305122852325,Midfielder,0
2020/2021,Riyad Mahrez,Manchester City,1961,27,9,6,6.232445145025849,6.086521776393056,58,45,9,6.232445145025849,Midfielder,0
2020/2021,Gabriel Jesus,Manchester City,2053,29,9,4,9.653350956737995,3.549695127643645,55,31,9,9.653350956737995,Midfielder,0
2020/2021,Phil Foden,Manchester City,1606,28,9,5,6.083392720669508,4.749280586838722,45,36,9,6.083392720669508,Midfielder,0
2020/2021,Harvey Barnes,Leicester,1954,25,9,4,6.697317669168115,1.7716885916888714,56,26,9,6.697317669168115,Midfielder,0
2020/2021,Diogo Jota,Liverpool,1114,19,9,0,7.057722978293896,1.7625195607542992,46,12,9,7.057722978293896,Midfielder,0
2020/2021,Che Adams,Southampton,2685,36,9,5,12.118733704090118,5.227753119543195,55,37,9,12.118733704090118,Midfielder,0
2020/2021,James Ward-Prowse,Southampton,3420,38,8,7,5.442037345841527,4.070980126038194,43,60,5,2.3973618019372225,Midfielder,1
2020/2021,Jarrod Bowen,West Ham,2599,38,8,5,7.988896971568465,5.229475359432399,55,29,8,7.988896971568465,Forward,1
2020/2021,Neal Maupay,Brighton,2526,33,8,2,13.77353422343731,4.277407944202423,71,32,5,10.728933367878199,Midfielder,0
2020/2021,Joe Willock,"Arsenal,Newcastle United",1215,21,8,0,5.088086500763893,0.733700979501009,23,10,8,4.326921537518501,Midfielder,0
2020/2021,James Maddison,Leicester,2123,31,8,5,3.8275705073028803,5.386723550967872,75,50,8,3.8275705073028803,Midfielder,0
2020/2021,David McGoldrick,Sheffield United,2409,35,8,1,7.605752557516098,1.1166191883385181,71,17,8,7.605752557516098,Midfielder,0
2020/2021,Stuart Dallas,Leeds,3412,38,8,2,4.457073759287596,2.084682686254382,48,26,8,4.457073759287596,Midfielder,0
2020/2021,Jack Harrison,Leeds,2871,36,8,8,6.254035193473101,7.523063641041517,46,59,8,6.254035193473101,Midfielder,0
2020/2021,Bertrand Traoré,Aston Villa,2362,36,7,6,6.304104885086417,4.570988927036524,64,35,7,6.304104885086417,Midfielder,0
2020/2021,Jorginho,Chelsea,2022,28,7,1,6.972690639086068,1.9548698784783483,14,24,0,0.12224530149251223,Midfielder,0
2020/2021,Rodrigo,Leeds,1285,26,7,2,5.755638722330332,3.200528811663389,46,31,7,5.755638722330332,Midfielder,0
2020/2021,Richarlison,Everton,2883,34,7,3,10.670258212834597,3.3947635404765606,81,25,6,9.90908919647336,Midfielder,0
2020/2021,Ferrán Torres,Manchester City,1305,24,7,2,5.728712034411728,2.2024257499724627,36,18,7,5.728712034411728,Midfielder,0
2020/2021,Mason Greenwood,Manchester United,1825,31,7,2,6.975751496851444,2.427899083122611,67,14,7,6.975751496851444,Midfielder,0
2020/2021,Timo Werner,Chelsea,2605,35,6,8,13.432795317843556,6.667280228808522,80,36,6,13.432795317843556,Midfielder,0
2019/2020,Jamie Vardy,Leicester,3034,35,23,5,18.903520427644253,6.368295930325985,89,32,19,15.097683936357498,Midfielder,0
2019/2020,Pierre-Emerick Aubameyang,Arsenal,3143,36,22,3,16.352621614933014,4.492486532777548,93,26,20,14.830358684062958,Midfielder,0
2019/2020,Danny Ings,Southampton,2836,38,22,2,15.659720553085208,2.849086041562259,93,35,21,14.137382855638862,Midfielder,0
2019/2020,Raheem Sterling,Manchester City,2678,33,20,1,19.799912065267563,7.208590239286423,100,48,20,18.277569144964218,Midfielder,0
2019/2020,Mohamed Salah,Liverpool,2904,34,19,10,20.66332234814763,8.726041685789824,132,60,16,18.379813332110643,Midfielder,1
2019/2020,Harry Kane,Tottenham,2595,29,18,2,13.297059614676982,3.1170066092163324,82,27,16,11.774761584121734,Midfielder,0
2019/2020,Sadio Mané,Liverpool,2761,35,18,7,14.577481213957071,7.235698115080595,77,59,18,14.577481213957071,Midfielder,0
2019/2020,Anthony Martial,Manchester United,2672,32,17,6,13.240488132461905,4.618775302544236,80,30,17,12.479318222030997,Midfielder,0
2019/2020,Marcus Rashford,Manchester United,2673,31,17,7,19.503727892413735,5.457172006368637,95,33,11,13.414411062374711,Midfielder,0
2019/2020,Raúl Jiménez,Wolverhampton Wanderers,3269,38,17,6,16.510803668759763,7.226944707334042,117,48,13,13.466126619838178,Midfielder,0
2019/2020,Sergio Agüero,Manchester City,1462,24,16,3,15.557497031986713,2.920210164040327,76,19,14,13.274028159677982,Midfielder,0
2019/2020,Tammy Abraham,Chelsea,2233,34,15,3,18.08280211687088,2.9130469039082527,88,21,15,18.08280211687088,Midfielder,0
2019/2020,Kevin De Bruyne,Manchester City,2818,35,14,20,8.106427356600761,20.620712891221046,100,133,12,6.5840903371572495,Midfielder,0
2019/2020,Chris Wood,Burnley,2462,32,14,1,17.226178102195263,1.470995786599815,65,22,13,16.465013168752193,Forward,1
2019/2020,Gabriel Jesus,Manchester City,2022,34,14,7,21.01520355977118,3.5988585241138935,101,32,14,20.254034588113427,Midfielder,0
2019/2020,Dominic Calvert-Lewin,Everton,2639,36,13,1,16.109829664230347,1.3362244945019484,85,15,13,16.109829664230347,Forward,0
2019/2020,Richarlison,Everton,3100,36,13,3,9.84296602755785,6.668139893561602,89,34,13,9.84296602755785,Midfielder,0
2019/2020,Son Heung-Min,Tottenham,2511,30,11,10,9.70170281920582,6.721725411713123,81,41,11,8.940532908774912,Midfielder,0
2019/2020,Riyad Mahrez,Manchester City,1938,33,11,9,8.649655694141984,11.059849355369806,74,60,10,7.888486390933394,Midfielder,0
2019/2020,Teemu Pukki,Norwich,2908,36,11,3,11.524341631680727,3.6190149765461683,80,30,9,10.002006579190493,Midfielder,0
2019/2020,Michail Antonio,West Ham,1767,24,10,3,13.249557899311185,3.921496020630002,68,26,9,12.488387929275632,Midfielder,0
2019/2020,Troy Deeney,Watford,2253,27,10,2,11.589199660345912,3.7357018003240228,45,29,5,7.022190598770976,Midfielder,0
2019/2020,Alexandre Lacazette,Arsenal,1890,30,10,4,8.664644362404943,3.342292783781886,52,24,10,8.664644362404943,Midfielder,0
2019/2020,Neal Maupay,Brighton,2782,37,10,3,13.558547105640173,2.5061313090845942,96,25,9,12.0362094566226,Midfielder,0
2019/2020,Mason Greenwood,Manchester United,1304,31,10,1,3.3878568075597286,1.4115078235045075,39,14,10,3.3878568075597286,Midfielder,0
2019/2020,Roberto Firmino,Liverpool,3035,38,9,8,16.686226904392242,7.346652261912823,98,52,9,16.686226904392242,Midfielder,0
2019/2020,Jordan Ayew,Crystal Palace,3196,37,9,2,7.676178464666009,2.864643355831504,58,30,9,7.676178464666009,Midfielder,0
2019/2020,Willian,Chelsea,2609,36,9,7,8.1353350430727,8.679425723850727,71,76,5,5.09066017717123,Midfielder,0
2019/2020,Christian Pulisic,Chelsea,1738,25,9,4,8.925187893211842,4.296079449355602,63,30,9,8.925187893211842,Midfielder,0
2019/2020,Callum Wilson,Bournemouth,2916,35,8,1,9.842872485518456,3.349535880610347,53,30,8,9.842872485518456,Forward,0
2019/2020,Olivier Giroud,Chelsea,1015,18,8,0,7.400898335501552,1.3883673138916492,39,8,8,7.400898335501552,Midfielder,0
2019/2020,Dele Alli,Tottenham,1862,25,8,4,7.915487986057997,3.4838611409068108,42,23,7,7.154318999499083,Midfielder,0
2019/2020,Jack Grealish,Aston Villa,3235,36,8,6,6.844703515991569,7.637995069846511,73,92,8,6.083534499630332,Midfielder,0
2019/2020,Ayoze Pérez,Leicester,2045,33,8,4,6.557799419388175,4.091642318293452,47,28,7,5.796633398160338,Midfielder,0
2019/2020,Jay Rodriguez,Burnley,1987,36,8,1,8.956886642612517,0.7683106064796448,67,6,7,8.195717656053603,Midfielder,0
2019/2020,Bruno Fernandes,Manchester United,1211,14,8,7,5.98607742600143,2.7549998983740807,44,30,4,2.9414413776248693,Midfielder,0
2019/2020,Harry Wilson,Bournemouth,1672,31,7,0,4.164999137632549,2.217742595821619,56,14,7,4.164999137632549,Midfielder,0
2019/2020,Sébastien Haller,West Ham,2248,32,7,1,8.484900137409568,2.34311880171299,57,24,7,8.484900137409568,Midfielder,0
2019/2020,Diogo Jota,Wolverhampton Wanderers,2329,34,7,1,12.017677284777164,2.642562847584486,69,29,7,12.017677284777164,Midfielder,0
2019/2020,Mason Mount,Chelsea,2894,37,7,5,7.497828083112836,5.258457243442535,78,52,7,7.497828083112836,Midfielder,0
2019/2020,Joshua King,Bournemouth,2033,26,6,4,6.534089034423232,4.133097622543573,26,30,3,4.250656159594655,Midfielder,0
2019/2020,Jonjo Shelvey,Newcastle United,2136,26,6,2,2.24221299123019,4.141613911837339,45,44,6,2.24221299123019,Midfielder,0
2019/2020,Oliver McBurnie,Sheffield United,2123,36,6,0,8.068318895995617,1.135003101080656,50,10,6,8.068318895995617,Midfielder,0
2019/2020,Lys Mousset,Sheffield United,1220,30,6,4,6.072984084486961,3.6121045984327793,37,12,6,6.072984084486961,Midfielder,0
2019/2020,Bernardo Silva,Manchester City,2020,34,6,7,7.420338202267885,6.312828056514263,52,51,6,7.420338202267885,Midfielder,0
2019/2020,Ashley Barnes,Burnley,1386,19,6,0,6.516932616010308,0.30882069282233715,40,5,5,5.755763599649072,Forward,1
2019/2020,Harvey Barnes,Leicester,2094,36,6,8,8.480616264045238,4.085434114560485,61,35,6,8.480616264045238,Midfielder,0
2019/2020,James Maddison,Leicester,2632,31,6,3,5.0217751413583755,5.76851593144238,74,79,6,5.0217751413583755,Midfielder,0
2019/2020,Todd Cantwell,Norwich,2528,37,6,2,5.675050851888955,2.318531099706888,42,36,6,5.675050851888955,Midfielder,0
2019/2020,Trézéguet,Aston Villa,1955,34,6,1,5.345048896037042,0.958256809040904,50,21,6,5.345048896037042,Midfielder,0
2018/2019,Pierre-Emerick Aubameyang,Arsenal,2740,36,22,5,23.549973130226135,4.9898480754345655,94,33,18,19.744131192564964,Midfielder,0
2018/2019,Sadio Mané,Liverpool,3100,36,22,1,16.76279866695404,5.123735151253641,87,45,22,16.76279866695404,Midfielder,0
2018/2019,Mohamed Salah,Liverpool,3274,38,22,8,21.792449351400137,10.468590896576643,137,68,19,19.50894832238555,Midfielder,1
2018/2019,Sergio Agüero,Manchester City,2515,33,21,8,19.949161492288113,5.22924355044961,118,34,19,18.42682258039713,Midfielder,0
2018/2019,Jamie Vardy,Leicester,2740,34,18,4,19.115979686379433,5.1373315351083875,79,32,14,15.310135943815112,Midfielder,0
2018/2019,Raheem Sterling,Manchester City,2788,34,17,10,15.90765044093132,10.792032338678837,77,66,17,15.90765044093132,Midfielder,0
2018/2019,Harry Kane,Tottenham,2437,28,17,4,16.12239329330623,4.562664708122611,102,30,13,13.077754897996783,Midfielder,0
2018/2019,Eden Hazard,Chelsea,2935,37,16,15,12.29900643415749,11.570385755039752,93,98,12,9.254331471398473,Midfielder,0
2018/2019,Callum Wilson,Bournemouth,2548,30,14,9,16.01651244610548,5.955956471152604,65,31,13,14.494168512523174,Forward,0
2018/2019,Gylfi Sigurdsson,Everton,3150,38,13,6,12.118331415578723,6.791105677373707,86,74,11,8.31264884583652,Midfielder,0
2018/2019,Glenn Murray,Brighton,2517,38,13,1,11.541342769749463,1.118022283539176,54,12,9,8.49666924867779,Midfielder,0
2018/2019,Paul Pogba,Manchester United,3013,35,13,9,15.877537530846894,5.186745874583721,105,55,6,8.265851297415793,Midfielder,0
2018/2019,Alexandre Lacazette,Arsenal,2498,35,13,8,12.033688011579216,4.100150818936527,81,31,13,12.033688011579216,Midfielder,0
2018/2019,Raúl Jiménez,Wolverhampton Wanderers,3143,38,13,7,14.27359064668417,6.991127401590347,111,42,11,12.75125465542078,Midfielder,0
2018/2019,Richarlison,Everton,2702,35,13,1,11.333980564028025,1.956237562932074,82,20,13,11.333980564028025,Midfielder,0
2018/2019,Son Heung-Min,Tottenham,2061,31,12,6,8.363056467846036,3.965310787782073,74,33,12,8.363056467846036,Midfielder,0
2018/2019,Joshua King,Bournemouth,2987,35,12,3,13.546655409038067,4.257975086569786,72,37,7,8.97964733839035,Midfielder,0
2018/2019,Roberto Firmino,Liverpool,2631,34,12,6,13.737690990790725,6.344288116320968,75,43,11,12.976520961150527,Midfielder,0
2018/2019,Romelu Lukaku,Manchester United,2113,32,12,0,13.105172824114561,2.3202134016901255,55,21,12,13.105172824114561,Midfielder,0
2018/2019,Ayoze Pérez,Newcastle United,2950,37,12,2,8.294695003889501,4.0325940903276205,55,45,12,8.294695003889501,Midfielder,0
2018/2019,Ashley Barnes,Burnley,2379,37,12,2,13.257519549690187,3.6403040196746588,65,22,10,11.735217577777803,Forward,1
2018/2019,Luka Milivojevic,Crystal Palace,3420,38,12,2,10.49101559491828,3.390341717749834,57,59,2,2.1181955304928124,Midfielder,0
2018/2019,Aleksandar Mitrovic,Fulham,3285,37,11,3,15.452770731411874,2.9691329449415207,131,31,10,14.691605768166482,Midfielder,0
2018/2019,Salomón Rondón,Newcastle United,2616,32,11,7,10.63538501597941,3.4131863601505756,89,32,11,10.63538501597941,Midfielder,0
2018/2019,Leroy Sané,Manchester City,1866,31,10,10,6.9819496013224125,8.101670009084046,56,40,10,6.9819496013224125,Midfielder,0
2018/2019,Wilfried Zaha,Crystal Palace,3046,34,10,5,6.490763375535607,5.404334627091885,73,54,10,6.490763375535607,Midfielder,0
2018/2019,Anthony Martial,Manchester United,1632,27,10,2,7.954480409622192,3.2472198167815804,39,36,9,7.193311810493469,Midfielder,0
2018/2019,Marcus Rashford,Manchester United,2360,33,10,6,11.614460183307528,5.270444078370929,84,38,10,11.614460183307528,Midfielder,0
2018/2019,Gerard Deulofeu,Watford,2110,30,10,5,8.334900364279747,4.962499367073178,60,30,10,8.334900364279747,Midfielder,0
2018/2019,Marko Arnautovic,West Ham,2006,28,10,4,8.936907790601254,3.9999511502683163,62,36,9,8.175812758505344,Midfielder,0
2018/2019,Lucas Moura,Tottenham,2133,32,10,0,7.591318631544709,1.6590776890516281,45,27,10,7.591318631544709,Midfielder,0
2018/2019,Chris Wood,Burnley,2603,38,10,2,9.133256727829576,3.647216569632292,58,21,10,9.133256727829576,Forward,1
2018/2019,Troy Deeney,Watford,2552,32,9,5,10.230634661391377,4.688376987352967,64,42,8,9.469461711123586,Midfielder,0
2018/2019,Felipe Anderson,West Ham,3073,36,9,4,5.527917856350541,6.77962332777679,58,65,9,5.527917856350541,Midfielder,0
2018/2019,Diogo Jota,Wolverhampton Wanderers,2402,33,9,5,8.907187035307288,5.536082427948713,58,27,9,8.907187035307288,Midfielder,0
2018/2019,Christian Eriksen,Tottenham,2772,35,8,12,5.66105136834085,7.882119428366423,83,73,8,5.66105136834085,Midfielder,0
2018/2019,Pedro,Chelsea,1777,31,8,2,5.983353950083256,3.8842110745608807,57,29,8,5.983353950083256,Midfielder,0
2018/2019,Chicharito,West Ham,1336,25,7,1,7.894379161298275,1.256871908903122,37,5,7,7.894379161298275,Midfielder,0
2018/2019,Riyad Mahrez,Manchester City,1333,27,7,4,6.61693406291306,5.006450802087784,54,24,7,5.855765061452985,Midfielder,0
2018/2019,James Ward-Prowse,Southampton,1940,26,7,0,3.401979923248291,3.281679173000157,31,47,6,2.6408109068870544,Midfielder,1
2018/2019,Danny Ings,Southampton,1694,24,7,3,9.915940870530903,3.3483315324410796,56,28,4,7.632432927377522,Midfielder,0
2018/2019,Andre Gray,Watford,1343,29,7,2,5.848624158650637,2.0998741798102856,35,14,7,5.848624158650637,Midfielder,0
2018/2019,Ryan Fraser,Bournemouth,3185,38,7,14,4.763551549986005,16.18383568711579,51,93,7,4.763551549986005,Midfielder,0
2018/2019,Bernardo Silva,Manchester City,2851,36,7,7,8.196722293272614,8.63292901776731,62,71,7,8.196722293272614,Midfielder,0
2018/2019,Gabriel Jesus,Manchester City,993,29,7,3,12.621455237269402,2.651642894372344,43,21,6,11.860289201140404,Midfielder,0
2018/2019,James Maddison,Leicester,2877,36,7,7,7.372485462576151,7.935436034575105,83,100,6,5.850147128105164,Midfielder,0
2018/2019,David Brooks,Bournemouth,2317,30,7,5,6.465658405795693,5.877872094511986,41,30,7,6.465658405795693,Midfielder,0
2018/2019,André Schürrle,Fulham,1670,24,6,0,3.3227698132395744,1.9269961081445217,55,21,6,3.3227698132395744,Midfielder,0
2018/2019,Ilkay Gündogan,Manchester City,2133,31,6,3,4.213995475322008,4.967496044933796,43,43,6,4.213995475322008,Midfielder,0
2018/2019,Henrikh Mkhitaryan,Arsenal,1647,25,6,4,5.3435673750936985,6.486036565154791,49,29,6,5.3435673750936985,Midfielder,0
2017/2018,Mohamed Salah,Liverpool,2954,36,32,10,25.136492550373077,8.344478905200958,143,62,31,23.614155545830727,Midfielder,1
2017/2018,Harry Kane,Tottenham,3094,37,30,2,26.859878040850163,3.8204427883028984,183,34,28,24.57636994868517,Midfielder,0
2017/2018,Sergio Agüero,Manchester City,1985,25,21,6,18.568616069853306,6.533231791108847,95,39,17,15.523945644497871,Midfielder,0
2017/2018,Jamie Vardy,Leicester,3269,37,20,1,15.26695853471756,3.63082717359066,70,33,15,10.69998712092638,Midfielder,0
2017/2018,Raheem Sterling,Manchester City,2594,33,18,11,18.82997048087418,8.844120325520635,87,55,17,18.068801494315267,Midfielder,0
2017/2018,Romelu Lukaku,Manchester United,2869,34,16,7,15.468227744102478,5.473205121234059,86,33,16,14.707053691148758,Midfielder,0
2017/2018,Roberto Firmino,Liverpool,2814,37,15,7,10.763703489676118,7.678424785844982,84,56,14,10.002534905448556,Midfielder,0
2017/2018,Alexandre Lacazette,Arsenal,2235,32,14,4,13.831237014383078,4.839555331505835,67,36,12,12.308898691087961,Midfielder,0
2017/2018,Gabriel Jesus,Manchester City,1692,29,13,3,15.36618173867464,2.307676523923874,55,18,13,13.843847759068012,Midfielder,0
2017/2018,Son Heung-Min,Tottenham,2315,37,12,6,11.02160226739943,6.592508684843779,75,38,12,11.02160226739943,Midfielder,0
2017/2018,Eden Hazard,Chelsea,2451,34,12,4,8.21246101334691,7.3030810207128525,71,84,10,6.690125960856676,Midfielder,0
2017/2018,Riyad Mahrez,Leicester,2977,36,12,10,6.613530645146966,7.551042467355728,74,57,12,6.613530645146966,Midfielder,0
2017/2018,Glenn Murray,Brighton,2204,35,12,0,12.380600294098258,1.2383802104741335,52,16,8,7.8135867696255445,Midfielder,0
2017/2018,Marko Arnautovic,West Ham,2343,31,11,6,9.801479201763868,4.4477998204529285,71,34,11,9.801479201763868,Midfielder,0
2017/2018,Álvaro Morata,Chelsea,2069,31,11,6,13.90470589697361,3.583240458741784,79,36,11,13.90470589697361,Midfielder,0
2017/2018,Pierre-Emerick Aubameyang,Arsenal,1056,13,10,4,9.174359612166882,1.264147974550724,31,13,9,7.652027260512114,Midfielder,0
2017/2018,Leroy Sané,Manchester City,2421,32,10,15,6.241070871241391,9.04887949116528,56,58,10,6.241070871241391,Midfielder,0
2017/2018,Wayne Rooney,Everton,2301,31,10,2,8.90544430166483,2.2813411355018616,45,34,7,4.338429160416126,Midfielder,0
2017/2018,Christian Eriksen,Tottenham,3239,37,10,10,7.245935456827283,11.893049276433885,96,95,10,7.245935456827283,Midfielder,0
2017/2018,Sadio Mané,Liverpool,2230,29,10,7,11.518154991790652,5.250220185145736,70,49,10,11.518154991790652,Midfielder,0
2017/2018,Chris Wood,Burnley,1639,24,10,1,7.639496721327305,0.6027080062776804,40,11,10,7.639496721327305,Forward,1
2017/2018,Luka Milivojevic,Crystal Palace,3087,36,10,1,7.874590067192912,1.2642450015991926,42,21,3,1.785385811701417,Midfielder,0
2017/2018,Alexis Sánchez,"Arsenal,Manchester United",2562,31,9,6,11.422600204125047,7.917656555771828,88,77,8,9.900261035189033,Midfielder,0
2017/2018,Wilfried Zaha,Crystal Palace,2551,29,9,3,9.735283127054572,5.2962576597929,64,53,9,9.735283127054572,Midfielder,0
2017/2018,Anthony Martial,Manchester United,1589,30,9,5,6.301932895556092,5.435460576787591,49,33,8,5.540763879194856,Midfielder,0
2017/2018,David Silva,Manchester City,2442,29,9,11,9.241167284548283,8.827983185648918,54,61,9,9.241167284548283,Midfielder,0
2017/2018,Dele Alli,Tottenham,2991,36,9,10,10.104952063411474,8.836121248081326,69,64,9,10.104952063411474,Midfielder,0
2017/2018,Ashley Barnes,Burnley,2143,36,9,0,6.5605628695338964,1.5027275774627924,61,17,9,6.5605628695338964,Forward,1
2017/2018,Chicharito,West Ham,1524,28,8,0,5.248026132583618,1.4220358971506357,29,21,8,5.248026132583618,Midfielder,0
2017/2018,Kevin De Bruyne,Manchester City,3103,37,8,16,5.40172931086272,13.101718165911734,93,105,8,5.40172931086272,Midfielder,0
2017/2018,Joshua King,Bournemouth,2458,33,8,3,6.555600753054023,4.888206169009209,51,38,6,5.0332634430378675,Midfielder,0
2017/2018,Callum Wilson,Bournemouth,2007,28,8,2,7.619609080255032,1.552441207692027,54,18,8,7.619609080255032,Forward,0
2017/2018,Jesse Lingard,Manchester United,1836,33,8,5,8.04835014604032,3.581980141811073,56,26,8,8.04835014604032,Midfielder,0
2017/2018,Oumar Niasse,Everton,1075,22,8,2,7.417299885302782,1.5471328031271696,37,11,8,7.417299885302782,Midfielder,0
2017/2018,Ayoze Pérez,Newcastle United,2502,36,8,5,6.864799472503364,5.451955894008279,60,36,8,6.864799472503364,Midfielder,0
2017/2018,Xherdan Shaqiri,Stoke,3066,36,8,7,4.985687501728535,6.875527895987034,69,76,8,4.224518910050392,Midfielder,0
2017/2018,Pascal Groß,Brighton,2979,38,7,8,3.33502649795264,8.656003165990114,43,81,6,2.5738579919561744,Midfielder,0
2017/2018,Philippe Coutinho,Liverpool,1132,14,7,6,3.6399386562407017,4.951584819704294,54,40,7,3.6399386562407017,Midfielder,0
2017/2018,Olivier Giroud,"Arsenal,Chelsea",953,29,7,1,7.604708576574922,3.013065330684185,47,20,7,7.604708576574922,Midfielder,0
2017/2018,Aaron Ramsey,Arsenal,1849,24,7,8,6.840765129774809,5.922476544976234,56,28,7,6.840765129774809,Midfielder,0
2017/2018,Marcus Rashford,Manchester United,1792,35,7,5,5.530903106555343,4.5970649272203445,62,22,7,5.530903106555343,Midfielder,0
2017/2018,Jordan Ayew,Swansea,2862,36,7,2,6.851808795705438,1.9186685755848885,65,16,6,6.090640120208263,Midfielder,0
2017/2018,Salomón Rondón,West Bromwich Albion,2781,36,7,3,6.871560588479042,2.6148633491247892,78,23,7,6.871560588479042,Midfielder,0
2017/2018,Jay Rodriguez,West Bromwich Albion,2845,37,7,1,7.642788392491639,1.8346650106832385,69,21,6,6.8816204043105245,Midfielder,0
2017/2018,Charlie Austin,Southampton,1023,24,7,0,7.720579285174608,0.6937103793025017,47,4,6,6.959410268813372,Midfielder,0
2017/2018,Marcos Alonso,Chelsea,2869,33,7,2,4.369033144786954,3.0571554824709892,65,34,7,4.369033144786954,Midfielder,0
2017/2018,Abdoulaye Doucouré,Watford,3326,37,7,3,3.106084388680756,2.39364858251065,46,40,7,3.106084388680756,Midfielder,0
2017/2018,Steve Mounie,Huddersfield,1850,28,7,1,5.801503697410226,1.6073069255799055,49,16,7,5.801503697410226,Midfielder,0
2017/2018,Willian,Chelsea,1872,36,6,7,5.983236160129309,6.1695123594254255,54,62,5,5.222104173153639,Midfielder,0
2017/2018,Dwight Gayle,Newcastle United,1968,35,6,3,9.672669507563114,2.3920685946941376,57,21,6,9.672669507563114,Midfielder,0
2016/2017,Harry Kane,Tottenham,2556,30,29,7,19.820082779973745,5.553893640637398,110,41,24,15.253082547336817,Midfielder,0
2016/2017,Romelu Lukaku,Everton,3271,37,25,6,16.66546426527202,5.440814970061183,110,47,24,15.904293252155185,Midfielder,0
2016/2017,Alexis Sánchez,Arsenal,3233,38,24,10,17.724455885589123,8.988114705309272,129,78,22,15.440943889319897,Midfielder,0
2016/2017,Sergio Agüero,Manchester City,2408,31,20,3,22.672587677836418,4.665909027680755,139,31,16,18.86673802882433,Midfielder,0
2016/2017,Diego Costa,Chelsea,3101,35,20,7,15.43179689347744,4.912057062610984,111,42,20,14.670627877116203,Midfielder,0
2016/2017,Dele Alli,Tottenham,3060,37,18,7,14.708574248477817,4.573811557143927,94,52,17,13.947405276820064,Midfielder,0
2016/2017,Zlatan Ibrahimovic,Manchester United,2435,28,17,5,14.637965865433216,5.118233298882842,115,48,15,12.354456894099712,Midfielder,0
2016/2017,Joshua King,Bournemouth,2734,36,16,2,10.911748604848981,2.409231800585985,67,30,14,8.62825040332973,Midfielder,0
2016/2017,Eden Hazard,Chelsea,3050,36,16,5,11.03284815326333,6.4405673667788506,77,88,14,8.749343048781157,Midfielder,0
2016/2017,Christian Benteke,Crystal Palace,3153,36,15,2,17.355868473649025,2.0585755221545696,105,32,13,14.311190653592348,Midfielder,0
2016/2017,Jermain Defoe,Sunderland,3324,37,15,2,13.647576574236155,1.3696143869310617,99,20,10,9.841728202998638,Midfielder,0
2016/2017,Fernando Llorente,Swansea,2462,33,15,1,8.028607591986656,2.090565759688616,51,26,15,8.028607591986656,Midfielder,0
2016/2017,Son Heung-Min,Tottenham,2069,34,14,6,7.765331827104092,4.696415961720049,80,43,14,7.765331827104092,Midfielder,0
2016/2017,Philippe Coutinho,Liverpool,2265,31,13,7,8.867860339581966,6.25872659496963,106,65,13,8.867860339581966,Midfielder,0
2016/2017,Jamie Vardy,Leicester,2822,35,13,5,9.94716601073742,4.675951764918864,53,31,13,9.94716601073742,Midfielder,0
2016/2017,Sadio Mané,Liverpool,2257,27,13,5,9.480924274772406,4.445209952071309,57,43,13,9.480924274772406,Midfielder,0
2016/2017,Olivier Giroud,Arsenal,1170,29,12,3,6.999083910137415,2.0118066053837538,39,17,12,6.999083910137415,Midfielder,0
2016/2017,Roberto Firmino,Liverpool,3077,35,11,7,10.364667488262057,7.852917684242129,100,78,11,10.364667488262057,Midfielder,0
2016/2017,Theo Walcott,Arsenal,1944,28,10,2,9.901477228850126,2.5256067672744393,62,13,10,9.140307921916246,Midfielder,0
2016/2017,Troy Deeney,Watford,2940,37,10,4,8.593502411618829,3.109722388908267,42,40,7,6.309996869415045,Midfielder,0
2016/2017,Sam Vokes,Burnley,2030,37,10,3,8.347450690343976,1.5290202079340816,57,15,8,6.825112214311957,Midfielder,0
2016/2017,Michail Antonio,West Ham,2451,29,9,3,9.790301950648427,3.3898478094488382,77,31,9,9.790301950648427,Midfielder,0
2016/2017,Pedro,Chelsea,2178,35,9,9,5.991286236792803,5.526838485151529,59,42,9,5.991286236792803,Midfielder,0
2016/2017,Gylfi Sigurdsson,Swansea,3329,38,9,13,8.569288490340114,8.268965737894177,116,79,6,6.28578289039433,Midfielder,0
2016/2017,Andre Gray,Burnley,2279,32,9,3,7.564629638567567,1.471580351702869,47,19,7,6.0422916654497385,Midfielder,0
2016/2017,Álvaro Negredo,Middlesbrough,2891,36,9,4,8.803118763957173,4.10040766838938,69,26,7,7.28078123787418,Midfielder,0
2016/2017,Adam Lallana,Liverpool,2371,31,8,7,4.506964456290007,4.112386392429471,50,42,8,4.506964456290007,Midfielder,0
2016/2017,Mesut Özil,Arsenal,2856,33,8,9,5.606561478227377,8.070462390780449,40,100,8,5.606561478227377,Midfielder,0
2016/2017,Manuel Lanzini,West Ham,2727,35,8,2,6.071731213480234,4.006757194176316,69,57,6,4.5493931118398905,Midfielder,0
2016/2017,Christian Eriksen,Tottenham,3181,36,8,15,8.864699277095497,11.74070107191801,133,112,8,8.864699277095497,Midfielder,0
2016/2017,Willian,Chelsea,1509,34,8,2,3.7568806800991297,3.064136871136725,44,51,8,3.7568806800991297,Midfielder,0
2016/2017,Salomón Rondón,West Bromwich Albion,2902,38,8,2,9.35797328967601,2.8521678745746613,93,26,8,9.35797328967601,Midfielder,0
2016/2017,Junior Stanislas,Bournemouth,1489,21,7,5,4.84797247685492,3.8548494363203645,43,22,5,3.3256304506212473,Midfielder,0
2016/2017,Divock Origi,Liverpool,1450,34,7,3,5.523562506772578,1.6023159064352512,37,16,7,5.523562506772578,Midfielder,0
2016/2017,James Milner,Liverpool,3170,36,7,3,7.355010665953159,3.951043674722314,36,56,0,1.2656571343541145,Midfielder,0
2016/2017,Wilfried Zaha,Crystal Palace,3033,35,7,9,5.570255206897855,4.54127549380064,49,38,7,5.570255206897855,Midfielder,0
2016/2017,Andy Carroll,West Ham,1318,18,7,1,4.521655203774571,1.7217979226261377,39,14,7,4.521655203774571,Midfielder,0
2016/2017,Etienne Capoue,Watford,3231,37,7,1,3.7173120137304068,1.509296577423811,50,37,7,3.7173120137304068,Midfielder,0
2016/2017,Raheem Sterling,Manchester City,2532,33,7,6,8.106005489826202,5.496264124289155,64,46,7,8.106005489826202,Midfielder,0
2016/2017,Nathan Redmond,Southampton,2917,37,7,1,4.817707560956478,5.891832923516631,83,57,7,4.817707560956478,Midfielder,0
2016/2017,Peter Crouch,Stoke,1319,27,7,2,5.874591821338981,3.2038370687514544,37,17,7,5.874591821338981,Midfielder,0
2016/2017,Islam Slimani,Leicester,1275,23,7,4,6.823915811255574,2.0667077153921127,35,17,6,6.062746794894338,Midfielder,0
2016/2017,Robert Snodgrass,"Hull,West Ham",2563,35,7,5,4.383588116616011,4.324671380221844,50,61,5,2.861250091344118,Midfielder,0
2016/2017,Gabriel Jesus,Manchester City,649,10,7,4,7.243854932487011,1.890662670135498,24,10,6,6.48272293061018,Midfielder,0
2016/2017,Kevin De Bruyne,Manchester City,2893,36,6,18,6.771996311843395,15.888654900714755,86,103,6,6.010865323245525,Midfielder,0
2016/2017,Callum Wilson,Bournemouth,1382,20,6,0,5.36559328250587,0.5500716008245945,31,8,3,3.0820868369191885,Forward,0
2016/2017,Joe Allen,Stoke,2942,36,6,2,5.681928737089038,4.653242416679859,40,28,6,5.681928737089038,Midfielder,0
2016/2017,Juan Mata,Manchester United,1641,25,6,3,5.665137184783816,4.540481245145202,40,45,6,5.665137184783816,Midfielder,0
2016/2017,Gary Cahill,Chelsea,3299,37,6,0,3.2974409023299813,0.17101850360631943,24,5,6,3.2974409023299813,Midfielder,0
2016/2017,Leroy Fer,Swansea,2393,34,6,2,5.205665404908359,1.0550480000674725,36,18,6,5.205665404908359,Midfielder,0
2015/2016,Harry Kane,Tottenham,3382,38,25,1,22.732071943581104,3.0885122008621693,159,44,20,18.92625818029046,Midfielder,0
2015/2016,Sergio Agüero,Manchester City,2399,30,24,2,20.077226005494595,2.0287595679983497,119,27,20,16.271372936666012,Midfielder,0
2015/2016,Jamie Vardy,Leicester,3154,36,24,6,22.13541193306446,6.267153458669782,115,48,19,17.568440221250057,Midfielder,0
2015/2016,Romelu Lukaku,Everton,3194,37,18,6,20.058772021904588,5.680433500558138,118,51,17,18.536478037014604,Midfielder,0
2015/2016,Riyad Mahrez,Leicester,3087,37,17,11,11.88214811310172,11.454100407660007,86,68,13,7.315134212374687,Midfielder,0
2015/2016,Olivier Giroud,Arsenal,2411,38,16,6,14.503991460427642,5.762219719588757,101,36,15,13.742822444066405,Midfielder,0
2015/2016,Odion Ighalo,Watford,3160,37,15,3,16.093822445720434,2.2321918215602636,109,37,15,16.093822445720434,Midfielder,0
2015/2016,Jermain Defoe,Sunderland,2558,33,15,1,11.712620459496975,1.1022664522752166,85,22,14,10.951450489461422,Midfielder,0
2015/2016,Alexis Sánchez,Arsenal,2463,30,13,4,13.104378208518028,8.5547467879951,107,62,13,13.104378208518028,Midfielder,0
2015/2016,Troy Deeney,Watford,3291,38,13,7,12.199151435866952,7.923330025747418,94,56,7,6.8709652265533805,Midfielder,0
2015/2016,André Ayew,Swansea,2967,34,12,2,8.46296308748424,2.337733743712306,67,23,12,8.46296308748424,Midfielder,0
2015/2016,Diego Costa,Chelsea,2386,28,12,6,12.080561351031065,2.8887833151966333,68,30,12,12.080561351031065,Midfielder,0
2015/2016,Anthony Martial,Manchester United,2632,31,11,4,7.273541077971458,6.173327440395951,57,37,11,7.273541077971458,Midfielder,0
2015/2016,Gylfi Sigurdsson,Swansea,2921,36,11,3,7.7106501162052155,5.429829095490277,88,57,8,5.427143078297377,Midfielder,0
2015/2016,Georginio Wijnaldum,Newcastle United,3178,38,11,5,7.928211936727166,3.8174392245709896,54,47,10,7.167042950168252,Midfielder,0
2015/2016,Sadio Mané,Southampton,2614,37,11,6,12.514568300917745,5.139249017462134,86,41,11,11.753399284556508,Midfielder,0
2015/2016,Graziano Pellè,Southampton,2167,30,11,6,7.350180992856622,3.987356685101986,80,37,11,7.350180992856622,Midfielder,0
2015/2016,Marko Arnautovic,Stoke,2836,34,11,6,12.059158718213439,6.117617999669164,70,50,8,9.77568761818111,Midfielder,0
2015/2016,Roberto Firmino,Liverpool,2005,31,10,7,7.1310254614800215,5.3966775089502335,63,49,10,7.1310254614800215,Midfielder,0
2015/2016,Dele Alli,Tottenham,2490,33,10,9,8.315971579402685,6.802972770296037,74,55,10,8.315971579402685,Midfielder,0
2015/2016,Shane Long,Southampton,2114,28,10,4,10.61739412508905,2.7126416452229023,64,33,10,10.61739412508905,Midfielder,0
2015/2016,Dimitri Payet,West Ham,2576,30,9,12,5.748615788295865,11.665769186802208,69,119,9,5.748615788295865,Midfielder,0
2015/2016,Andy Carroll,West Ham,1411,27,9,2,6.137788807973266,2.7616127114742994,56,20,8,5.376620193943381,Midfielder,0
2015/2016,Christian Benteke,Liverpool,1496,29,9,3,9.98186818882823,2.7818546555936337,61,31,8,9.220699172466993,Midfielder,0
2015/2016,Aleksandar Mitrovic,Newcastle United,2103,34,9,4,10.339352402836084,2.2244459111243486,79,30,7,8.817017409950495,Midfielder,0
2015/2016,Salomón Rondón,West Bromwich Albion,2581,34,9,2,9.896931927651167,1.9187822239473462,71,28,9,9.896931927651167,Midfielder,0
2015/2016,Daniel Sturridge,Liverpool,981,14,8,1,5.741582944989204,0.5159462941810489,48,7,8,5.741582944989204,Midfielder,0
2015/2016,Philippe Coutinho,Liverpool,2019,26,8,5,6.49630680680275,5.286333870142698,111,50,8,6.49630680680275,Midfielder,0
2015/2016,Michail Antonio,West Ham,2074,26,8,3,5.896233828738332,2.8487464655190706,54,24,8,5.896233828738332,Midfielder,0
2015/2016,Ross Barkley,Everton,3102,38,8,8,8.793569456785917,5.907710798084736,95,56,6,7.271230440586805,Midfielder,0
2015/2016,Kelechi Iheanacho,Manchester City,727,26,8,1,4.937837693840265,1.5855757798999548,28,14,8,4.937837693840265,Midfielder,0
2015/2016,Wayne Rooney,Manchester United,2411,28,8,6,7.3170866798609495,4.480131337419152,72,43,7,6.555921657010913,Midfielder,0
2015/2016,Kevin De Bruyne,Manchester City,2006,25,7,9,4.308095835149288,8.33203162252903,49,81,7,4.308095835149288,Midfielder,0
2015/2016,Mark Noble,West Ham,3221,37,7,4,3.879513105377555,3.2432395946234465,34,50,4,1.596007790416479,Midfielder,0
2015/2016,Jordan Ayew,Aston Villa,2356,30,7,0,4.692514030262828,1.4725213972851634,59,18,6,3.9313449133187532,Midfielder,0
2015/2016,Pedro,Chelsea,2061,29,7,2,6.120477117598057,4.614514185115695,57,42,7,6.120477117598057,Midfielder,0
2015/2016,Dieumerci Mbokani,Norwich,1568,29,7,1,6.5850353091955185,1.5376300066709518,37,25,7,6.5850353091955185,Midfielder,0
2015/2016,Dusan Tadic,Southampton,2318,34,7,12,6.417935328558087,8.644171416759491,57,74,6,5.656765328720212,Midfielder,0
2015/2016,Bojan,Stoke,1741,27,7,1,4.585217607673258,1.8038731729611754,36,26,5,3.0629195696674287,Midfielder,0
2015/2016,Joshua King,Bournemouth,1931,31,6,2,5.712771352380514,3.535969901829958,55,25,6,5.712771352380514,Midfielder,0
2015/2016,Mesut Özil,Arsenal,3065,35,6,19,7.9231729451566935,17.618861105293036,48,146,6,7.9231729451566935,Midfielder,0
2015/2016,Manuel Lanzini,West Ham,1941,26,6,2,4.531228398904204,2.8363652359694242,48,33,6,4.531228398904204,Midfielder,0
2015/2016,Juan Mata,Manchester United,2907,38,6,5,6.460017409175634,5.284316685050726,57,53,5,5.698849428445101,Midfielder,0
2015/2016,Raheem Sterling,Manchester City,1943,31,6,2,7.149213088676333,3.246622446924448,52,35,6,7.149213088676333,Midfielder,0
2015/2016,Christian Eriksen,Tottenham,2950,35,6,13,5.512105284258723,9.80885074287653,100,115,6,5.512105284258723,Midfielder,0
2015/2016,Bafétimbi Gomis,Swansea,1685,33,6,0,6.098333736881614,2.4120547231286764,59,17,5,5.337160786613822,Midfielder,0
2015/2016,Leonardo Ulloa,Leicester,942,29,6,2,6.906455801799893,1.466686885803938,34,14,5,6.145286785438657,Midfielder,0
2015/2016,Ayoze Pérez,Newcastle United,2046,34,6,2,3.795658176764846,2.8947355933487415,50,30,6,3.795658176764846,Midfielder,0
2015/2016,Nathan Redmond,Norwich,2321,35,6,3,3.4319807747378945,3.6447911020368338,54,45,6,3.4319807747378945,Midfielder,0
2015/2016,Yaya Touré,Manchester City,2345,32,6,5,5.663291418924928,4.417276362888515,77,44,5,4.902123415842652,Midfielder,0
2014/2015,Sergio Agüero,Manchester City,2551,33,26,8,25.270175583660603,5.568926602602005,148,33,21,20.703194603323936,Midfielder,0
2014/2015,Harry Kane,Tottenham,2589,34,21,4,17.15730034559965,3.9225024580955505,112,27,19,14.87382235378027,Midfielder,0
2014/2015,Diego Costa,Chelsea,2111,26,20,3,15.21911308169365,4.554670616053045,76,41,19,14.457944065332413,Midfielder,0
2014/2015,Charlie Austin,Queens Park Rangers,3078,35,18,5,17.88185734860599,2.5487459590658545,131,23,15,14.076048335060477,Midfielder,0
2014/2015,Alexis Sánchez,Arsenal,2967,35,16,8,13.45174823794514,8.494180873036385,122,82,16,12.690581277944148,Midfielder,0
2014/2015,Olivier Giroud,Arsenal,1871,27,14,3,8.84634429961443,3.8601363133639097,70,29,14,8.84634429961443,Midfielder,0
2014/2015,Eden Hazard,Chelsea,3389,38,14,9,12.01608707383275,11.238891988992691,78,100,11,8.971413988620043,Midfielder,0
2014/2015,Saido Berahino,West Bromwich Albion,2940,38,14,1,13.841749838553369,1.961659412831068,86,28,10,10.797112329863012,Midfielder,0
2014/2015,Christian Benteke,Aston Villa,2380,29,13,2,8.455075968056917,2.921320070512593,80,33,12,7.693906951695681,Midfielder,0
2014/2015,David Silva,Manchester City,2682,32,12,7,9.096988203004003,10.388411475345492,66,92,12,9.096988203004003,Midfielder,0
2014/2015,Wayne Rooney,Manchester United,2887,33,12,5,8.902098581194878,3.983559735119343,79,45,11,7.3797623217105865,Midfielder,0
2014/2015,Graziano Pellè,Southampton,3291,38,12,2,18.616504695266485,4.481623421423137,123,43,12,18.616504695266485,Midfielder,0
2014/2015,Wilfried Bony,"Manchester City,Swansea",1604,30,11,3,10.454738814383745,3.508293155580759,89,26,10,9.69357032328844,Midfielder,0
2014/2015,Nacer Chadli,Tottenham,2423,35,11,5,6.8655270310118794,3.9355596313253045,54,41,11,6.8655270310118794,Midfielder,0
2014/2015,Leonardo Ulloa,Leicester,2434,37,11,3,8.923917897045612,3.7919961232692003,49,36,9,7.401579953730106,Midfielder,0
2014/2015,Papiss Demba Cissé,Newcastle United,1137,22,11,1,8.957140743732452,0.334677891805768,45,7,10,8.196008741855621,Midfielder,0
2014/2015,Mame Biram Diouf,Stoke,2451,34,11,3,11.646968324668705,3.466141242533922,55,28,11,11.646968324668705,Midfielder,0
2014/2015,Danny Ings,Burnley,3048,35,11,4,12.289508447051048,4.244325045496225,97,35,10,11.528339490294456,Midfielder,0
2014/2015,Romelu Lukaku,Everton,2880,36,10,5,12.430796798318624,2.350205228663981,105,37,8,10.908533286303282,Midfielder,0
2014/2015,Christian Eriksen,Tottenham,3160,38,10,2,7.38963361363858,6.088786491192877,97,84,10,7.38963361363858,Midfielder,0
2014/2015,Diafra Sakho,West Ham,1765,23,10,2,9.070379790849984,2.615855161100626,66,23,10,9.070379790849984,Midfielder,0
2014/2015,Sadio Mané,Southampton,2142,30,10,3,8.5539753716439,3.982480129227042,60,40,10,8.5539753716439,Midfielder,0
2014/2015,Yaya Touré,Manchester City,2358,29,10,1,7.109346902929246,3.2435795087367296,89,33,8,5.5870088106021285,Midfielder,0
2014/2015,Robin van Persie,Manchester United,2126,27,10,2,11.603469084948301,2.9860517624765635,76,27,9,10.08113605901599,Midfielder,0
2014/2015,Juan Mata,Manchester United,2318,33,9,4,6.5977520532906055,4.968639085069299,33,50,8,5.836587090045214,Midfielder,0
2014/2015,Steven Gerrard,Liverpool,2239,28,9,1,7.108821363188326,3.20907860994339,54,52,5,3.3029708499088883,Midfielder,0
2014/2015,Ki Sung-yueng,Swansea,2692,33,8,1,4.3305724542587996,1.2641469975933433,28,26,8,4.3305724542587996,Midfielder,0
2014/2015,Jonathan Walters,Stoke,2439,32,8,4,5.561566700227559,3.240074263419956,45,24,8,5.561566700227559,Midfielder,0
2014/2015,Peter Crouch,Stoke,1648,33,8,2,6.730622369796038,1.883066506125033,59,15,8,6.730622369796038,Midfielder,0
2014/2015,Nikica Jelavic,Hull,1815,26,8,1,4.894789764657617,0.8632267005741596,57,17,8,4.894789764657617,Midfielder,0
2014/2015,Kevin Mirallas,Everton,1430,29,7,1,4.7185029946267605,1.5895474329590797,52,18,7,3.957334976643324,Midfielder,0
2014/2015,Raheem Sterling,Liverpool,3059,35,7,7,8.785912945866585,6.036621885374188,84,75,7,8.785912945866585,Midfielder,0
2014/2015,Loïc Remy,"Chelsea,Queens Park Rangers",839,21,7,0,4.655210020020604,0.6052642147988081,37,6,7,4.655210020020604,Midfielder,0
2014/2015,Gylfi Sigurdsson,Swansea,2721,32,7,10,5.177992397919297,8.451312126591802,67,73,7,5.177992397919297,Midfielder,0
2014/2015,Bafétimbi Gomis,Swansea,1619,31,7,0,7.497829519212246,0.8869193764403462,69,13,7,7.497829519212246,Midfielder,0
2014/2015,Ayoze Pérez,Newcastle United,2369,36,7,0,5.7461924236267805,2.900992516428232,61,28,7,5.7461924236267805,Midfielder,0
2014/2015,Charlie Adam,Stoke,1482,29,7,1,3.407766289077699,2.6491484716534615,62,33,6,2.6466013556346297,Midfielder,0
2014/2015,Glenn Murray,Crystal Palace,859,17,7,3,9.534023240208626,1.5268471762537956,38,7,6,8.011716201901436,Midfielder,0
2014/2015,Santiago Cazorla,Arsenal,2999,37,7,11,10.590725313872099,9.755182644352317,93,78,1,6.023707624524832,Midfielder,0
2014/2015,Aaron Ramsey,Arsenal,2013,29,6,6,6.636921921744943,5.299689516425133,63,47,6,6.636921921744943,Midfielder,0
2014/2015,Jason Puncheon,Crystal Palace,2823,37,6,7,2.794277905486524,5.305931127630174,65,65,6,2.794277905486524,Midfielder,0
2014/2015,Ander Herrera,Manchester United,1877,26,6,4,2.0372255984693766,2.11998759675771,37,26,6,2.0372255984693766,Midfielder,0
2014/2015,Jordan Henderson,Liverpool,3253,37,6,9,4.29442591406405,6.793559268116951,50,67,5,3.533257396891713,Midfielder,0
2014/2015,Marouane Fellaini,Manchester United,1824,27,6,0,5.314917378127575,1.151918701827526,36,21,6,5.314917378127575,Midfielder,0
2014/2015,Oscar,Chelsea,2072,28,6,8,6.540385385975242,5.2243422120809555,72,37,6,6.540385385975242,Midfielder,0
2014/2015,Leroy Fer,Queens Park Rangers,2375,29,6,2,5.116700321435928,3.5862074815668166,54,48,6,5.116700321435928,Midfielder,0
2014/2015,Steven Naismith,Everton,2051,31,6,0,3.9483574014157057,1.9437068775296211,33,25,6,3.9483574014157057,Midfielder,0
2014/2015,Gabriel Agbonlahor,Aston Villa,2698,34,6,1,5.630619999021292,1.5529492190107703,53,16,6,5.630619999021292,Midfielder,0
2014/2015,Stewart Downing,West Ham,3315,37,6,8,4.136292829178274,6.626503786537796,70,85,6,4.136292829178274,Midfielder,0
2014/2015,Frank Lampard,Manchester City,958,32,6,1,4.004464207217097,0.9529220964759588,32,15,6,4.004464207217097,Midfielder,0
